keyword,pdf_name,pdf_link
fs_blending_pictures_cards,FS - Blending Pictures Cards,https://storage.googleapis.com/msgsndr/62k4aYd934kYizUy21eh/media/697c3726f7a8777cc65ab2a6.pdf
fs_chaining_folder,FS - Chaining Folder,https://storage.googleapis.com/msgsndr/62k4aYd934kYizUy21eh/media/697c303d1f68d181eb2c39e1.pdf
fs_large_letter_cards,FS - Large Letter Cards,https://storage.googleapis.com/msgsndr/62k4aYd934kYizUy21eh/media/697c303df7a877491f590812.pdf
fs_pacing_scope_sequence,FS - Pacing Scope and Sequence - Foundational Skills,https://storage.googleapis.com/msgsndr/62k4aYd934kYizUy21eh/media/697c303d66e7ca07290bf39b.pdf
fs_picture_reader,FS - Picture Reader,https://storage.googleapis.com/msgsndr/62k4aYd934kYizUy21eh/media/697c303d1f68d12cf82c39e2.pdf
fs_small_letter_cards,FS - Small Letter Cards,https://storage.googleapis.com/msgsndr/62k4aYd934kYizUy21eh/media/697c303d1fd82781c4cb21b8.pdf
fs_sound_cards,FS - Sound Cards,https://storage.googleapis.com/msgsndr/62k4aYd934kYizUy21eh/media/697c303d1311f67506ce1aa6.pdf
fs_sound_posters,FS - Sound Posters,https://storage.googleapis.com/msgsndr/62k4aYd934kYizUy21eh/media/697c303d1f68d184052c39e0.pdf

family_welcome_letter_english,Family Welcome Letter - English,https://storage.googleapis.com/msgsndr/62k4aYd934kYizUy21eh/media/697c4e2b1fd827ebd4d067e1.pdf
gk3_fs_lesson_internalization_coach,GK-3 Foundational Skills Lesson Internalization Protocol for Coach,https://storage.googleapis.com/msgsndr/62k4aYd934kYizUy21eh/media/697c4e2b1fd82745ebd067dc.pdf
gk3_fs_lesson_internalization_teacher,GK-3 Foundational Skills Lesson Internalization Protocol for Teacher,https://storage.googleapis.com/msgsndr/62k4aYd934kYizUy21eh/media/697c4e2b1311f65a65d3708c.pdf
gk3_fs_unit_internalization_coach,GK-3 Foundational Skills Unit Internalization Protocol for Coach,https://storage.googleapis.com/msgsndr/62k4aYd934kYizUy21eh/media/697c4e2b1f68d109973187eb.pdf
gk3_fs_unit_internalization_teacher,GK-3 Foundational Skills Unit Internalization Protocol for Teacher,https://storage.googleapis.com/msgsndr/62k4aYd934kYizUy21eh/media/697c4e2b1f68d11e233187ea.pdf
independent_reading_guide,Independent Reading Guide,https://storage.googleapis.com/msgsndr/62k4aYd934kYizUy21eh/media/697c4e2b66e7ca6c09118950.pdf
k5_rla_component_navigation_guide,K-5 RLA Component Navigation Guide,https://storage.googleapis.com/msgsndr/62k4aYd934kYizUy21eh/media/697c4e2b66e7ca5a41118952.pdf
observation_tool,Observation Tool,https://storage.googleapis.com/msgsndr/62k4aYd934kYizUy21eh/media/697c4e2b66e7ca4c98118951.pdf
program_implementation_guide,Program and Implementation Guide,https://storage.googleapis.com/msgsndr/62k4aYd934kYizUy21eh/media/697c4e2b1fd827a492d067e0.pdf

fs1_activity_book,FS 1 - Activity Book,https://storage.googleapis.com/msgsndr/62k4aYd934kYizUy21eh/media/69817b50f7a87704d168a89c.pdf
fs1_digital_components_visuals,FS 1 - Digital Components Visuals,https://storage.googleapis.com/msgsndr/62k4aYd934kYizUy21eh/media/69817b501fd827f953d9e986.pdf
fs1_english_family_support_letter,FS 1 - English Family Support Letter,https://storage.googleapis.com/msgsndr/62k4aYd934kYizUy21eh/media/69817b5066e7ca37071ddfe0.pdf
fs1_teacher_guide,FS 1 - Teacher Guide,https://storage.googleapis.com/msgsndr/62k4aYd934kYizUy21eh/media/69817b5066e7ca705b1ddfd8.pdf

fs2_activity_book,FS 2 - Activity Book,https://storage.googleapis.com/msgsndr/62k4aYd934kYizUy21eh/media/69817b671fd8270975d9ecc1.pdf
fs2_digital_components_visuals,FS 2 - Digital Components Visuals,https://storage.googleapis.com/msgsndr/62k4aYd934kYizUy21eh/media/69817b671fd827138dd9ecd0.pdf
fs2_english_family_support_letter,FS 2 - English Family Support Letter,https://storage.googleapis.com/msgsndr/62k4aYd934kYizUy21eh/media/69817b67f7a877f3b168ab38.pdf
fs2_teacher_guide,FS 2 - Teacher Guide,https://storage.googleapis.com/msgsndr/62k4aYd934kYizUy21eh/media/69817b671311f67005df6878.pdf

fs3_activity_book,FS 3 - Activity Book,https://storage.googleapis.com/msgsndr/62k4aYd934kYizUy21eh/media/69817b821fd8279c3ed9efc1.pdf
fs3_digital_components_visuals,FS 3 - Digital Components Visuals,https://storage.googleapis.com/msgsndr/62k4aYd934kYizUy21eh/media/69817b8266e7ca56f01de6f2.pdf
fs3_english_family_support_letter,FS 3 - English Family Support Letter,https://storage.googleapis.com/msgsndr/62k4aYd934kYizUy21eh/media/69817b82f7a87770bd68ae56.pdf
fs3_teacher_guide,FS 3 - Teacher Guide,https://storage.googleapis.com/msgsndr/62k4aYd934kYizUy21eh/media/69817b821311f60a54df6b8a.pdf

fs4_activity_book,FS 4 - Activity Book,https://storage.googleapis.com/msgsndr/62k4aYd934kYizUy21eh/media/69817b9a1311f61680df6dfc.pdf
fs4_big_book,FS 4 - Big Book,https://storage.googleapis.com/msgsndr/62k4aYd934kYizUy21eh/media/69817dd166e7ca03911e3635.pdf
fs4_digital_components_visuals,FS 4 - Digital Components Visuals,https://storage.googleapis.com/msgsndr/62k4aYd934kYizUy21eh/media/69817b9a1f68d10b653ac791.pdf
fs4_english_family_support_letter,FS 4 - English Family Support Letter,https://storage.googleapis.com/msgsndr/62k4aYd934kYizUy21eh/media/69817b9a1311f63682df6dfb.pdf
fs4_teacher_guide,FS 4 - Teacher Guide,https://storage.googleapis.com/msgsndr/62k4aYd934kYizUy21eh/media/69817b9a66e7cada1f1de93f.pdf

fs5_activity_book,FS 5 - Activity Book,https://storage.googleapis.com/msgsndr/62k4aYd934kYizUy21eh/media/69817df21f68d1066a3b1d2c.pdf
fs5_big_book,FS 5 - Big Book,https://storage.googleapis.com/msgsndr/62k4aYd934kYizUy21eh/media/69817df21fd8274567da46ea.pdf
fs5_digital_components_visuals,FS 5 - Digital Components Visuals,https://storage.googleapis.com/msgsndr/62k4aYd934kYizUy21eh/media/69817df21fd8274024da46eb.pdf
fs5_english_family_support_letter,FS 5 - English Family Support Letter,https://storage.googleapis.com/msgsndr/62k4aYd934kYizUy21eh/media/69817df21311f6590ddfb4a3.pdf
fs5_teacher_guide,FS 5 - Teacher Guide,https://storage.googleapis.com/msgsndr/62k4aYd934kYizUy21eh/media/69817df21fd82737e4da46ec.pdf

fs6_activity_book,FS 6 - Activity Book,https://storage.googleapis.com/msgsndr/62k4aYd934kYizUy21eh/media/69817e0d1fd8274007da4c83.pdf
fs6_big_book,FS 6 - Big Book,https://storage.googleapis.com/msgsndr/62k4aYd934kYizUy21eh/media/698186651f68d1406a3cd035.pdf
fs6_digital_components_visuals,FS 6 - Digital Components Visuals,https://storage.googleapis.com/msgsndr/62k4aYd934kYizUy21eh/media/69817e0d66e7ca300b1e3e66.pdf
fs6_english_family_support_letter,FS 6 - English Family Support Letter,https://storage.googleapis.com/msgsndr/62k4aYd934kYizUy21eh/media/69817e0df7a8771938690111.pdf
fs6_reader,FS 6 - Reader,https://storage.googleapis.com/msgsndr/62k4aYd934kYizUy21eh/media/698186654734d5267cbca0e0.pdf
fs6_teacher_guide,FS 6 - Teacher Guide,https://storage.googleapis.com/msgsndr/62k4aYd934kYizUy21eh/media/69817e0df7a87722d6690101.pdf

fs7_activity_book,FS 7 - Activity Book,https://storage.googleapis.com/msgsndr/62k4aYd934kYizUy21eh/media/69817e7e1311f64ceadfc945.pdf
fs7_big_book,FS 7 - Big Book,https://storage.googleapis.com/msgsndr/62k4aYd934kYizUy21eh/media/69817e7e1f68d1e2a03b3d8d.pdf
fs7_digital_components_visuals,FS 7 - Digital Components Visuals,https://storage.googleapis.com/msgsndr/62k4aYd934kYizUy21eh/media/69817e7e1f68d1d2633b3d8c.pdf
fs7_english_family_support_letter,FS 7 - English Family Support Letter,https://storage.googleapis.com/msgsndr/62k4aYd934kYizUy21eh/media/69817e7e1311f602efdfc943.pdf
fs7_reader,FS 7 - Reader,https://storage.googleapis.com/msgsndr/62k4aYd934kYizUy21eh/media/69817e7e1311f6028ddfc942.pdf
fs7_teacher_guide,FS 7 - Teacher Guide,https://storage.googleapis.com/msgsndr/62k4aYd934kYizUy21eh/media/69817e7e1311f61537dfc944.pdf

fs8_activity_book,FS 8 - Activity Book,https://storage.googleapis.com/msgsndr/62k4aYd934kYizUy21eh/media/69817ea31f68d136493b4454.pdf
fs8_big_book,FS 8 - Big Book,https://storage.googleapis.com/msgsndr/62k4aYd934kYizUy21eh/media/6981868b1f68d1c5003cd6b7.pdf
fs8_digital_components_visuals,FS 8 - Digital Components Visuals,https://storage.googleapis.com/msgsndr/62k4aYd934kYizUy21eh/media/69817ea3f7a8776175691a88.pdf
fs8_english_family_support_letter,FS 8 - English Family Support Letter,https://storage.googleapis.com/msgsndr/62k4aYd934kYizUy21eh/media/69817ea31311f63ba2dfcfae.pdf
fs8_reader,FS 8 - Reader,https://storage.googleapis.com/msgsndr/62k4aYd934kYizUy21eh/media/6981868af7a8772f6d6aad75.pdf
fs8_teacher_guide,FS 8 - Teacher Guide,https://storage.googleapis.com/msgsndr/62k4aYd934kYizUy21eh/media/69817ea31311f6821fdfcfaf.pdf

fs9_activity_book,FS 9 - Activity Book,https://storage.googleapis.com/msgsndr/62k4aYd934kYizUy21eh/media/69817ecc1f68d179403b51ae.pdf
fs9_digital_components_visuals,FS 9 - Digital Components Visuals,https://storage.googleapis.com/msgsndr/62k4aYd934kYizUy21eh/media/69817ecc1f68d14cec3b51af.pdf
fs9_english_family_support_letter,FS 9 - English Family Support Letter,https://storage.googleapis.com/msgsndr/62k4aYd934kYizUy21eh/media/69817eccf7a877cfdc6926ed.pdf
fs9_reader,FS 9 - Reader,https://storage.googleapis.com/msgsndr/62k4aYd934kYizUy21eh/media/698186a10e14662b97eaaf2a.pdf
fs9_teacher_guide,FS 9 - Teacher Guide,https://storage.googleapis.com/msgsndr/62k4aYd934kYizUy21eh/media/69817ecc1f68d144273b51b0.pdf

gk_pacing_scope_sequence,Pacing Scope and Sequence,https://storage.googleapis.com/msgsndr/62k4aYd934kYizUy21eh/media/69817f221f68d119493b6041.pdf

gk_family_welcome_letter_english,RLA Family Welcome Letter - English,https://storage.googleapis.com/msgsndr/62k4aYd934kYizUy21eh/media/69817f471f68d14f663b65d1.pdf
gk2_rla_lesson_internalization_coach,GK-2 RLA Lesson Internalization Protocol for Coach,https://storage.googleapis.com/msgsndr/62k4aYd934kYizUy21eh/media/69817f478fbac35b1569ee0c.pdf
gk2_rla_lesson_internalization_teacher,GK-2 RLA Lesson Internalization Protocol for Teacher,https://storage.googleapis.com/msgsndr/62k4aYd934kYizUy21eh/media/69817f47f7a8772e9d693bcf.pdf
gk2_rla_unit_internalization_coach,GK-2 RLA Unit Internalization Protocol for Coach,https://storage.googleapis.com/msgsndr/62k4aYd934kYizUy21eh/media/69817f47f7a8772b62693bd0.pdf
gk2_rla_unit_internalization_teacher,GK-2 RLA Unit Internalization Protocol for Teacher,https://storage.googleapis.com/msgsndr/62k4aYd934kYizUy21eh/media/69817f478fbac36fbc69ee10.pdf
gk_independent_reading_guide,Independent Reading Guide,https://storage.googleapis.com/msgsndr/62k4aYd934kYizUy21eh/media/69817f474734d58713bb546c.pdf
k5_rla_trade_books,K-5 Reading Language Arts Trade Books,https://storage.googleapis.com/msgsndr/62k4aYd934kYizUy21eh/media/69817f478fbac35e9769ee0b.pdf
k5_rla_component_navigation_guide,K-5 RLA Component Navigation Guide,https://storage.googleapis.com/msgsndr/62k4aYd934kYizUy21eh/media/69817f47f7a8775d5b693bd1.pdf
gk_observation_tool,Observation Tool,https://storage.googleapis.com/msgsndr/62k4aYd934kYizUy21eh/media/69817f474734d5402ebb546b.pdf
gk_program_implementation_guide,Program and Implementation Guide,https://storage.googleapis.com/msgsndr/62k4aYd934kYizUy21eh/media/69817f471f68d1a4363b65d2.pdf

unit1_activity_book,Unit 1 - Activity book,https://storage.googleapis.com/msgsndr/62k4aYd934kYizUy21eh/media/69817f7b1f68d1bdba3b6d0f.pdf
unit1_digital_components_visuals,Unit 1 - Digital Components_ Visuals,https://storage.googleapis.com/msgsndr/62k4aYd934kYizUy21eh/media/69817f7b4734d5afc7bb5acf.pdf
unit1_english_family_support_letter,Unit 1 - English Family Support Letter,https://storage.googleapis.com/msgsndr/62k4aYd934kYizUy21eh/media/69817f7b8fbac3d4fb69f520.pdf
unit1_flip_book,Unit 1 - Flip Book,https://storage.googleapis.com/msgsndr/62k4aYd934kYizUy21eh/media/69817f7b0e146614a8e94da1.pdf
unit1_image_cards,Unit 1 - Image Cards,https://storage.googleapis.com/msgsndr/62k4aYd934kYizUy21eh/media/69817f7b0e14660f14e94da0.pdf
unit1_teacher_guide,Unit 1 - Teacher Guide,https://storage.googleapis.com/msgsndr/62k4aYd934kYizUy21eh/media/69817f7b1f68d152e63b6d0e.pdf

unit2_activity_book,Unit 2 - Activity book,https://storage.googleapis.com/msgsndr/62k4aYd934kYizUy21eh/media/69817f9a8fbac37a8d69f8c3.pdf
unit2_digital_components_visuals,Unit 2 - Digital Components_ Visuals,https://storage.googleapis.com/msgsndr/62k4aYd934kYizUy21eh/media/69817f9a1f68d15c193b7198.pdf
unit2_english_family_support_letter,Unit 2 - English Family Support Letter,https://storage.googleapis.com/msgsndr/62k4aYd934kYizUy21eh/media/69817f9a0e146670bae95115.pdf
unit2_flip_book,Unit 2 - Flip Book,https://storage.googleapis.com/msgsndr/62k4aYd934kYizUy21eh/media/69817f9a1f68d110193b7197.pdf
unit2_image_cards,Unit 2 - Image Cards,https://storage.googleapis.com/msgsndr/62k4aYd934kYizUy21eh/media/698186bd1f68d1cb943cde76.pdf
unit2_teacher_guide,Unit 2 - Teacher Guide,https://storage.googleapis.com/msgsndr/62k4aYd934kYizUy21eh/media/69817f9a0e146602dce95116.pdf

unit3_activity_book,Unit 3 - Activity Book,https://storage.googleapis.com/msgsndr/62k4aYd934kYizUy21eh/media/69817ff4f7a8775e83694d70.pdf
unit3_digital_components_visuals,Unit 3 - Digital Components_ Visuals,https://storage.googleapis.com/msgsndr/62k4aYd934kYizUy21eh/media/69817ff4f7a8776a02694d6f.pdf
unit3_english_family_support_letter,Unit 3 - English Family Support Letter,https://storage.googleapis.com/msgsndr/62k4aYd934kYizUy21eh/media/69817ff48fbac376c96a0579.pdf
unit3_flip_book,Unit 3 - Flip Book,https://storage.googleapis.com/msgsndr/62k4aYd934kYizUy21eh/media/69817ff44734d5e302bb691d.pdf
unit3_teacher_guide,Unit 3 - Teacher Guide,https://storage.googleapis.com/msgsndr/62k4aYd934kYizUy21eh/media/69817ff48fbac3340a6a057a.pdf
unit3_image_cards,Unit 3- Image Cards,https://storage.googleapis.com/msgsndr/62k4aYd934kYizUy21eh/media/69817ff40e1466b2e3e95b9f.pdf

unit4_activity_book,Unit 4 - Activity Book,https://storage.googleapis.com/msgsndr/62k4aYd934kYizUy21eh/media/6981801f0e14667c9be960c3.pdf
unit4_digital_components_visuals,Unit 4 - Digital Components_ Visuals,https://storage.googleapis.com/msgsndr/62k4aYd934kYizUy21eh/media/6981801f4734d56db6bb7073.pdf
unit4_english_family_support_letter,Unit 4 - English Family Support Letter,https://storage.googleapis.com/msgsndr/62k4aYd934kYizUy21eh/media/6981801f1f68d18f753b826c.pdf
unit4_flip_book,Unit 4 - Flip Book,https://storage.googleapis.com/msgsndr/62k4aYd934kYizUy21eh/media/6981801f4734d51cadbb7072.pdf
unit4_image_cards,Unit 4 - Image Cards,https://storage.googleapis.com/msgsndr/62k4aYd934kYizUy21eh/media/6981801ff7a877de2b6952b6.pdf
unit4_teacher_guide,Unit 4 - Teacher Guide,https://storage.googleapis.com/msgsndr/62k4aYd934kYizUy21eh/media/6981801f1f68d153d43b826b.pdf

unit5_activity_book,Unit 5 - Activity Book,https://storage.googleapis.com/msgsndr/62k4aYd934kYizUy21eh/media/69818040f7a8770f3569560e.pdf
unit5_digital_components_visuals,Unit 5 - Digital Components_ Visuals,https://storage.googleapis.com/msgsndr/62k4aYd934kYizUy21eh/media/698180401f68d1b1913b8607.pdf
unit5_english_family_support_letter,Unit 5 - English Family Support Letter,https://storage.googleapis.com/msgsndr/62k4aYd934kYizUy21eh/media/698180408fbac35fd36a0eda.pdf
unit5_flip_book,Unit 5 - Flip Book,https://storage.googleapis.com/msgsndr/62k4aYd934kYizUy21eh/media/698180400e1466603ae964f1.pdf
unit5_image_cards,Unit 5 - Image Cards,https://storage.googleapis.com/msgsndr/62k4aYd934kYizUy21eh/media/698186d24734d5cefbbcb8bc.pdf
unit5_teacher_guide,Unit 5 - Teacher Guide,https://storage.googleapis.com/msgsndr/62k4aYd934kYizUy21eh/media/698180408fbac3e3746a0ed9.pdf

unit6_image_cards,Unit 6 - Image Cards,https://storage.googleapis.com/msgsndr/62k4aYd934kYizUy21eh/media/698180790e1466f6f6e96d2a.pdf
unit6_activity_book,Unit 6 - Activity Book,https://storage.googleapis.com/msgsndr/62k4aYd934kYizUy21eh/media/698180794734d59a1cbb7be6.pdf
unit6_digital_components_visuals,Unit 6 - Digital Components_ Visuals,https://storage.googleapis.com/msgsndr/62k4aYd934kYizUy21eh/media/698180790e14665cfae96d2b.pdf
unit6_english_family_support_letter,Unit 6 - English Family Support Letter,https://storage.googleapis.com/msgsndr/62k4aYd934kYizUy21eh/media/6981807a1f68d1c9613b8d6a.pdf
unit6_flip_book,Unit 6 - Flip Book,https://storage.googleapis.com/msgsndr/62k4aYd934kYizUy21eh/media/6981807a1f68d15c373b8d69.pdf
unit6_teacher_guide,Unit 6 - Teacher Guide,https://storage.googleapis.com/msgsndr/62k4aYd934kYizUy21eh/media/69818079f7a8775600695d77.pdf

unit7_activity_book,Unit 7 - Activity Book,https://storage.googleapis.com/msgsndr/62k4aYd934kYizUy21eh/media/698180a3f7a8770425696234.pdf
unit7_digital_components_visuals,Unit 7 - Digital Components_ Visuals,https://storage.googleapis.com/msgsndr/62k4aYd934kYizUy21eh/media/698180a34734d5e9eabb80ee.pdf
unit7_english_family_support_letter,Unit 7 - English Family Support Letter,https://storage.googleapis.com/msgsndr/62k4aYd934kYizUy21eh/media/698180a34734d5e73fbb80ec.pdf
unit7_flip_book,Unit 7 - Flip Book,https://storage.googleapis.com/msgsndr/62k4aYd934kYizUy21eh/media/698180a3f7a877907a696235.pdf
unit7_image_cards,Unit 7 - Image Cards,https://storage.googleapis.com/msgsndr/62k4aYd934kYizUy21eh/media/698180a34734d57ef2bb80ed.pdf
unit7_teacher_guide,Unit 7 - Teacher Guide,https://storage.googleapis.com/msgsndr/62k4aYd934kYizUy21eh/media/698180a38fbac37de66a1cd6.pdf

unit8_english_family_support_letter,Unit 8 - English Family Support Letter,https://storage.googleapis.com/msgsndr/62k4aYd934kYizUy21eh/media/698180c10e146602b4e97868.pdf
unit8_activity_book,Unit 8 - Activity Book,https://storage.googleapis.com/msgsndr/62k4aYd934kYizUy21eh/media/698180c14734d5a87dbb88a3.pdf
unit8_digital_components_visuals,Unit 8 - Digital Components_ Visuals,https://storage.googleapis.com/msgsndr/62k4aYd934kYizUy21eh/media/698180c14734d557c4bb88a4.pdf
unit8_flip_book,Unit 8 - Flip Book,https://storage.googleapis.com/msgsndr/62k4aYd934kYizUy21eh/media/698180c11f68d175613b9a71.pdf
unit8_image_cards,Unit 8 - Image Cards,https://storage.googleapis.com/msgsndr/62k4aYd934kYizUy21eh/media/698180c1f7a8773853696852.pdf
unit8_teacher_guide,Unit 8 - Teacher Guide,https://storage.googleapis.com/msgsndr/62k4aYd934kYizUy21eh/media/698180c18fbac37f116a2818.pdf

unit9_image_cards,Unit 9 - Image Cards,https://storage.googleapis.com/msgsndr/62k4aYd934kYizUy21eh/media/698180e38fbac3301f6a32b3.pdf
unit9_activity_book,Unit 9 - Activity Book,https://storage.googleapis.com/msgsndr/62k4aYd934kYizUy21eh/media/698180e34734d523f7bb8ec5.pdf
unit9_english_family_support_letter,Unit 9 - English Family Support Letter,https://storage.googleapis.com/msgsndr/62k4aYd934kYizUy21eh/media/698180e30e1466fc58e97dbd.pdf
unit9_flip_book,Unit 9 - Flip Book,https://storage.googleapis.com/msgsndr/62k4aYd934kYizUy21eh/media/698180e34734d5677abb8ec9.pdf
unit9_teacher_guide,Unit 9 - Teacher Guide,https://storage.googleapis.com/msgsndr/62k4aYd934kYizUy21eh/media/698180e38fbac380976a32b4.pdf

unit10_activity_book,Unit 10 - Activity Book,https://storage.googleapis.com/msgsndr/62k4aYd934kYizUy21eh/media/698180fe8fbac3c9676a380f.pdf
unit10_digital_components_visuals,Unit 10 - Digital Components_ Visuals,https://storage.googleapis.com/msgsndr/62k4aYd934kYizUy21eh/media/698180fe1f68d111a13bab5b.pdf
unit10_english_family_support_letter,Unit 10 - English Family Support Letter,https://storage.googleapis.com/msgsndr/62k4aYd934kYizUy21eh/media/698180fe8fbac3130a6a380e.pdf
unit10_flip_book,Unit 10 - Flip Book,https://storage.googleapis.com/msgsndr/62k4aYd934kYizUy21eh/media/698180fe1f68d164ac3bab5a.pdf
unit10_image_cards,Unit 10 - Image Cards,https://storage.googleapis.com/msgsndr/62k4aYd934kYizUy21eh/media/698180fef7a877f137697451.pdf
unit10_teacher_guide,Unit 10 - Teacher Guide,https://storage.googleapis.com/msgsndr/62k4aYd934kYizUy21eh/media/698180fef7a8770d1669744d.pdf

unit11_activity_book,Unit 11 - Activity Book,https://storage.googleapis.com/msgsndr/62k4aYd934kYizUy21eh/media/698181214734d5999ebba3d2.pdf
unit11_digital_components_visuals,Unit 11 - Digital Components_ Visuals,https://storage.googleapis.com/msgsndr/62k4aYd934kYizUy21eh/media/698181210e1466feade99344.pdf
unit11_english_family_support_letter,Unit 11 - English Family Support Letter,https://storage.googleapis.com/msgsndr/62k4aYd934kYizUy21eh/media/698181214734d5f9c7bba3d1.pdf
unit11_flip_book,Unit 11 - Flip Book,https://storage.googleapis.com/msgsndr/62k4aYd934kYizUy21eh/media/698181218fbac3d3356a4688.pdf
unit11_image_cards,Unit 11 - Image Cards,https://storage.googleapis.com/msgsndr/62k4aYd934kYizUy21eh/media/698181218fbac3b3a36a4687.pdf
unit11_teacher_guide,Unit 11 - Teacher Guide,https://storage.googleapis.com/msgsndr/62k4aYd934kYizUy21eh/media/698181210e14666e62e99345.pdf